,PONY,TEL,MOG-A,OUST,APH,TLT,AMBA,IWM,APTV,DCO,GLD,CDNS,NOVT,ADI,CSCO,ALGM,ON,NOK,TSLA,VPG,STM,IBIT,SERV,AEVA,SYM,HSAI,AME,QMOM,CW,DE,MCHP,RBC,CGNX,TKR,ALNT,DAN,ST,TXN,SPY,AGG,NVDA,PH,RRX,QQQ,XPEV,INFY,ROK
2024-11-27,12.0,149.84979762033,219.289390421887,9.55,72.263177257287,90.7106484082809,72.44,239.033279038932,55.52,65.86,243.49,304.68,164.03,214.348019745789,58.471488130112,21.48,70.35,4.12481776028394,332.89,22.84,25.2274612094095,55.03,8.59,4.75,23.995,7.35,194.132863292972,70.0261060991551,370.941037235935,462.628254731739,66.842196933287,339.66,39.9111320208897,76.1100191643683,25.5925806987599,9.98845157660529,31.835552584274,196.0672708797,593.298351340493,96.5998483947311,135.309505610722,696.280639372264,168.759276274884,503.20037573433,11.91,22.4221211326179,292.429558995407
2024-11-29,13.02,149.820055682331,220.575340570284,9.88,72.1737672221873,91.646915717946,71.55,239.945960577491,55.53,67.0,245.59,306.81,166.98,215.216584728872,58.3925925482195,21.73,71.12,4.13466219407937,345.16,22.97,25.3168146729611,55.21,8.7,4.6,26.9,8.18,193.416432428948,70.5587740424365,373.198426750848,462.528978282226,67.137653822634,335.11,39.7817765693136,76.7541794828168,25.9118643566001,9.87001143933329,31.8652961712416,197.878424945761,596.983988110505,96.981124995014,138.218849938542,699.285108039613,171.793083846724,507.621926631343,12.05,21.7614869567668,292.617935385334
2024-12-02,12.86,153.002443048267,221.183425524177,9.62,72.6009485009972,91.8663738494961,70.17,239.826915159418,56.07,66.24,243.44,310.27,169.14,220.22070343823,58.609555398424,22.52,73.95,4.13466219407937,357.09,23.6,25.9323607552057,54.48,9.15,4.51,25.65,7.64,194.590583011653,70.2529831861083,367.924525583264,459.600323021585,69.2452462999765,335.23,40.1300412466338,77.2298671025941,26.3708346147455,11.1827229607646,32.0536722220361,198.616667092253,598.054011688896,96.992400028427,138.59876431812,697.086473683705,173.593474569685,513.148865252608,12.69,21.8896697073051,294.581015659316
2024-12-03,12.1,150.533862194317,217.395355319598,9.1,72.6506207427193,91.0736630492608,71.84,238.120597500373,55.71,66.07,243.93,313.25,168.29,218.661234491329,58.6588651371068,21.88,69.81,4.16419549546565,351.42,24.12,25.5948032262328,54.46,8.78,4.31,25.5,8.0,193.366680285614,69.9274638874363,370.581453065418,455.927094389595,64.3997533146845,341.03,39.0653463759693,76.9226521814879,26.7799168013534,11.9427138415933,31.8454671132632,194.1379980702,598.33142520922,96.8060647806473,140.228397051572,697.295393690375,173.852094231546,514.722300031275,12.69,21.8107880146662,289.068527617226
2024-12-04,11.96,151.882163383623,218.103126331506,8.9,73.9122956824602,92.0523183581933,71.08,238.973756329895,56.41,66.4,244.67,324.54,170.4,215.463336144521,58.7969324054188,21.25,65.97,4.10512889269309,357.93,23.89,25.6742285271676,56.42,8.68,4.39,26.13,9.53,194.033359006302,70.2431189649364,378.74201604632,452.958728549149,60.706542197846,339.71,38.6076270857771,76.5757966254003,26.340901771823,12.1993341390159,31.458800482685,193.567090810246,602.04678485641,97.1198925663814,145.107297505099,692.908073550306,172.001968958228,521.085748281705,12.78,22.2051964778609,291.319129749518
2024-12-05,12.61,151.118786974971,215.042764350439,8.94,73.9023612341158,92.2382628668905,69.32,236.186109456688,56.91,67.52,242.86,303.79,166.26,211.762064909789,59.1914103148815,20.83,65.74,4.24295096582907,369.49,23.34,25.7437256654856,56.4,9.53,4.38,27.91,9.44,192.998514424935,69.6414014734519,379.750849413604,444.87762555877,57.367879348224,334.26,37.4334776022406,75.4262182109385,26.0814837998278,12.1203740475013,30.8738432723231,189.964469135365,601.056022283826,97.1395068029898,145.037313277282,691.137227779485,168.112727120229,519.6417733266,12.54,22.5404436715764,294.56118656564
2024-12-06,12.6,151.089045036972,214.085778193493,10.39,73.7235411639163,92.375274610141,71.7,237.029347834704,56.67,63.67,242.95,307.51,165.71,215.364635578262,59.0632049943061,21.21,66.52,4.17403992926108,389.22,23.45,26.2401337963279,57.8,11.8,4.66,27.95,10.43,190.869122690199,69.5131665982175,375.575677655934,440.787435838824,58.3921298979606,334.39,37.5727834731687,75.6541518620817,26.2411256287479,12.2881642419699,30.3582877648854,190.072744650183,602.195399242297,97.4141061155071,142.417723033339,692.579770682682,169.545082170541,524.292368526836,12.5,22.5404436715764,292.895542696807
2024-12-09,14.53,150.19678689699,209.500219524792,9.98,73.1870809533178,91.5238444913697,74.71,235.838893653975,57.4,60.86,245.36,309.75,166.07,217.101765544429,58.1361819070687,21.36,67.68,4.33155086998791,389.79,24.17,26.3493435851132,54.73,11.98,4.78,28.55,10.76,189.224901888075,67.629100354389,366.176546976584,446.158291757491,60.9330591463454,333.56,38.1698086342889,77.7749258335889,27.4883274171865,12.7915348253759,30.6259800475934,190.41725765188,599.094312390109,97.1296996846856,138.788290748791,682.472021788554,169.545082170541,520.209404860676,14.13,22.8362500189724,296.167343153443
2024-12-10,14.74,148.957539480348,209.081538081129,9.79,72.1340294288096,91.0932361554394,72.22,234.817087148849,58.42,62.03,248.59,302.86,165.77,213.702116823568,57.9093571091276,21.04,66.34,4.33155086998791,400.99,24.1,26.1309240075426,54.9,13.74,4.47,26.76,11.65,187.939420170051,66.8103699971232,366.925680665161,440.747725259019,60.9823019612366,332.54,37.7419406021527,76.9424724989786,27.2887751310363,12.7816648139366,30.7052962795069,187.198521893174,597.231678753651,97.0120142650353,135.048875667741,674.44352438938,167.287133584286,518.436801122684,13.15,22.9151317116113,291.190240640621
2024-12-11,14.14,148.541152348356,210.048492843876,9.63,73.047998676496,90.2320194835788,72.31,235.878575459999,58.89,66.04,250.96,308.78,166.87,215.198755181731,57.7811517885522,21.96,67.97,4.34139530378334,424.77,24.82,26.0713550318415,57.72,12.38,4.5,26.68,11.4,187.999210017401,67.629100354389,371.320598304814,444.788276754208,60.5883594421072,335.42,37.3041221506645,76.6055271016363,26.869715330121,12.8310148711333,30.3384587069071,188.694692643398,601.848632341893,96.786450544039,139.28821255107,682.860016086655,169.127311947533,527.718074627224,12.79,23.0334542505697,294.838793877112
2024-12-12,12.88,150.018335268993,204.495979412428,9.14,73.1175398149069,89.1359255375744,73.09,232.813155944621,58.54,63.48,247.28,308.22,167.3,215.793445920074,58.037562429703,21.64,67.11,4.36108417137419,418.1,24.58,26.041570543991,56.92,11.34,4.33,27.01,11.05,187.789945551676,67.1062966322795,365.84692815361,436.300140320826,60.5686623161507,330.67,37.5230313764086,75.2973861472488,25.6324911559899,12.3572543220453,30.1897407720693,188.704535872018,598.747545489705,96.3941658118714,137.318520650089,679.059661679611,170.52982626763,524.312285422768,12.81,22.9249919231912,300.331452825525
2024-12-13,13.04,148.798915811018,202.093545414261,9.08,73.1473431599401,88.2257761002671,72.53,231.215963252143,57.97,63.69,244.29,306.75,166.2,214.69326805414,57.8107376317619,22.0,65.96,4.41030634035133,436.23,23.76,26.1011395196921,57.91,13.08,4.34,26.87,11.23,186.723693273935,66.504579140795,366.496177350377,437.253194236153,59.0224379285677,327.58,36.8961549572324,74.8216985274715,25.7622001419875,12.5151745050746,30.1104245401558,188.586417128579,598.628653980995,96.0313024346164,134.229003912003,668.364947052458,167.983417289298,528.325539953165,12.3,23.0728950968892,294.660332034023
2024-12-16,12.75,148.660120100354,202.621881521742,9.38,74.8560682751798,88.4900130336789,76.22,232.575065108476,58.0,64.55,244.88,313.49,171.19,214.395922684968,57.5444650428746,22.38,66.435,4.4004619065559,463.02,24.21,25.5650187383823,60.22,14.98,4.25,26.98,10.2,188.7166881856,67.0767039687639,384.575270368042,435.247809955985,58.1853100754176,326.37,37.2842213119605,74.1874483677684,25.7821553706025,12.2980342534093,29.9914501922856,186.489809432542,601.184821418262,96.1195664993541,131.979355801746,670.275072827726,165.01923808796,535.933794199375,12.39,23.0235940389898,293.559817334972
2024-12-17,12.87,146.677324233727,197.817013525408,11.0,73.9371318033213,88.7053172016441,73.83,229.92035625363,57.86,64.29,243.94,311.35,165.65,211.927956120845,57.7121181543963,22.07,67.74,4.41030634035133,479.86,23.82,25.7735101533361,60.73,16.68,4.05,25.53,13.92,186.056039978527,66.26783783267,364.068984199386,440.38040239582,57.407273600137,320.49,36.3886835702801,74.0784366215694,24.8143267827742,12.0118039216686,29.2280314601183,185.170816797476,598.707914986801,96.1195664993541,130.369607598406,662.56492972443,161.647235573685,533.573642031376,12.84,22.8066693842328,290.982035157016
2024-12-18,12.73,143.534592785123,187.67894142526,10.38,69.7952186831783,87.6004466748291,69.75,219.741253624666,56.65,61.25,239.26,301.24,156.41,205.931491175886,56.735785328476,21.04,64.93,4.32170643619248,440.13,23.2,24.8569415665147,57.18,14.14,3.83,23.97,11.0,180.126880116322,63.3184357022787,344.451670007842,422.91767492644,55.2898325598163,312.12,35.4334433124877,71.3531429665953,23.6968339803332,11.4886933153839,27.929228162535,182.099729468068,580.864281054563,95.3901856125641,128.88983906366,640.489049019637,155.698983350864,514.323962112625,12.48,22.3333792283991,285.231597990807
2024-12-19,12.92,142.652248624474,190.759240617931,10.42,69.7056099858675,86.2740603691874,68.64,218.766129423651,57.01,61.22,239.6,299.87,153.46,205.941402688192,56.8344048058417,21.07,64.8,4.36108417137419,436.17,23.08,24.3886945710734,54.72,13.36,3.87,23.04,11.05,181.472151681697,63.8806963090757,351.034058018141,423.543116558373,55.1421041151427,310.2,35.8911626026799,70.1242832821706,23.5671249943356,11.3603831666726,27.0864931984543,181.578038351214,580.685943791498,95.1442078260438,130.659562243728,635.982346018614,155.191690937212,512.033519080389,12.71,23.0926155200489,283.556039575136
2024-12-20,13.16,142.434141079145,191.217796484801,11.98,70.2731317355025,86.7653145564621,70.93,220.815880295173,58.86,61.89,242.1,301.47,153.5,209.906007610478,57.7121181543963,21.59,65.5,4.36108417137419,421.06,23.15,24.518209697472,54.81,14.61,4.02,23.99,12.28,182.717773501487,64.7487477722009,353.810846890468,429.36071649985,54.6693730921874,306.28,35.5926500221198,70.986467093017,23.4274383940305,11.3406431437939,27.0071769665408,183.940413219989,587.636686176065,95.4000247240249,134.678933534054,643.871563413341,155.132009476782,516.504862217233,12.64,22.4122609210381,287.313652826849
2024-12-23,14.39,142.870356169803,192.962302500067,12.21,70.6813491343627,85.969482773077,73.19,220.308417700767,59.47,61.76,240.96,304.41,153.82,212.988487937556,58.1657677502784,22.36,66.63,4.38077303896505,430.6,22.89,25.1757480314961,52.87,14.73,4.36,25.53,13.13,181.432291783463,64.3739073676696,355.069391487278,429.251512405385,56.9936339550511,304.62,35.970765957496,70.9666467755262,23.5571473800281,11.4196032353086,27.2054675463245,187.159148978694,591.155647301098,95.1048513802005,139.648156248711,642.329534792682,155.321000768143,521.528560628972,12.81,22.4615619789374,286.738609110228
2024-12-24,13.02,144.248399297109,196.730435493042,12.81,71.3484361032319,86.3330108716603,74.05,222.278566596695,59.95,62.25,241.44,308.58,155.56,216.160171875386,59.0237572033598,22.26,67.9,4.42015077414676,462.28,23.06,25.5742561127228,56.23,14.14,4.49,24.55,12.86,183.405356746012,65.45,360.852703563094,429.708184073146,57.6731848005494,304.63,36.5080886025042,71.1846702679242,23.9662295666359,11.6367434869739,27.1658094303678,189.42309156127,597.726362848123,95.2130816062695,140.198070231218,649.213946441045,157.708259185328,528.600371011781,12.98,22.4517017673575,289.703058614877
2024-12-26,14.24,145.04151764376,197.856887948614,13.71,71.2488708839977,86.2838854529329,75.08,224.557173148047,60.07,62.11,243.07,308.69,156.42,216.130437338469,59.1519625239352,22.27,67.02,4.4004619065559,454.13,23.88,25.4347782842934,54.3,17.64,4.78,24.82,14.47,183.076512585587,65.29,362.660612864861,430.700948568278,57.5845477337452,303.93,36.7568490863043,71.3828734428314,24.4950431249339,11.6564835098526,27.5723051189244,188.724222329258,597.766125120722,95.2819553864951,139.908115585896,648.069860690233,158.593534181701,528.241294603063,13.26,22.3235190168193,291.36870248371
2024-12-27,13.72,143.732872371786,195.574077220066,12.49,70.4324360862772,85.5764794232573,73.51,221.283541901782,60.34,60.85,241.4,305.03,154.74,215.069905521757,58.7870704576822,22.29,66.01,4.41030634035133,431.66,23.34,25.3849647741401,53.68,16.29,4.77,24.08,13.52,181.81096081668,64.73,358.944909769518,426.948298776678,57.4565164150282,300.19,35.8613113446239,70.8378147118366,23.9762071809435,11.5577833954593,27.1459803723894,188.182844755164,591.473745481892,95.0851731572789,136.988572260585,640.498997591383,155.669142620649,521.219355943687,12.63,22.1657556315414,288.017585652367
2024-12-30,15.25,141.641022732495,195.135458564799,12.45,69.1978273677731,86.2642352854419,71.71,219.58204967348,60.11,60.95,240.63,301.86,152.29,210.679105570324,58.3728686527463,21.58,63.46,4.35123973757877,417.41,23.23,24.876866970576,53.55,15.26,4.75,24.36,14.7,180.106950167206,64.28,357.346757900553,421.567515213059,56.2549917316834,297.09,35.4931458285997,70.2432051871149,23.9562519523284,11.3209031209153,26.8882026186706,185.013325139557,584.72409970817,95.4590593927897,137.468497190773,633.544945940797,152.744751059596,514.28718638649,11.87,21.7910675915065,283.199115888958
2024-12-31,14.35,141.740162525826,196.222036597165,12.22,69.148044758156,85.8024563494036,72.74,219.860656588056,60.48,63.66,242.13,300.46,152.77,210.579990447267,58.3827306004829,21.86,63.05,4.36108417137419,403.84,23.47,24.876866970576,53.05,13.5,4.75,23.71,13.82,179.628631388406,64.13,354.460096087235,422.24259506975,56.4815086801828,299.14,35.6822037962878,70.7288029656376,24.2256475386312,11.4097332238693,27.1658094303678,184.570379851662,582.596818124111,95.34099005526,134.268997656185,632.759008772848,154.654557793345,509.918423413754,11.82,21.6135837830688,283.347834091532
2025-01-02,15.19,139.430205341206,197.298646023729,12.35,68.7099577935254,86.0382583592955,74.1,220.03976103314,60.3,63.59,245.42,297.66,150.93,209.479812581333,58.2841111231172,22.81,61.71,4.39061747276047,379.28,23.25,24.2093659345213,55.37,14.76,5.01,24.71,16.13,177.705391298649,64.72,350.944161975512,416.741582266386,56.0186262202057,297.81,35.5229970866558,69.2224588363428,24.4351774390889,11.1235028921286,27.01709149553,184.019159048948,581.165376310538,95.3508291667208,138.288368946511,626.282488566079,152.810227670753,508.920988945092,11.55,22.3037985936595,278.489706140769
2025-01-03,14.68,141.175065703837,200.309164975789,14.64,69.7952186831783,85.7631560144217,77.54,223.313392279405,60.53,64.01,243.49,303.86,152.0,213.464240528231,58.4419022869023,23.7,63.91,4.41030634035133,410.44,23.41,24.3189556568587,55.96,19.03,5.22,25.64,15.57,178.941048143881,65.67,349.016391283573,420.767685839862,56.7966626954864,301.65,36.070270151016,70.8972756643087,25.5526702415298,11.2123329950826,27.3641000101515,187.523348437631,588.43193162805,95.2524380521127,144.447405550593,634.40052311097,158.193677758319,517.249566758415,11.71,22.3136588052394,280.373470040045
2025-01-06,15.06,142.206119554483,199.631299781285,15.22,70.8207404412906,85.3799777483474,78.18,223.402944501947,61.38,63.7,243.19,308.14,150.75,216.070968264635,58.3525415800416,24.76,64.51,4.48906181071474,411.05,23.6,26.1022793203481,58.17,22.89,5.09,26.7,14.76,178.801538500065,66.16,350.82430058534,416.562201414103,57.407273600137,300.32,36.4483860863922,73.0973309057787,25.2732970409196,11.4788233039446,28.0977751553512,189.167167617153,591.821665367135,95.1540469375046,149.406629829204,637.703448930704,158.482788966725,523.194276191637,11.75,22.4319813441978,279.054835310552
2025-01-07,15.26,142.523366893144,199.701080021896,14.61,71.1493056647635,84.4171195412889,74.32,221.611900051103,61.82,63.71,244.56,301.67,150.72,213.959816143517,58.5114050589051,24.38,62.73,4.55797284728273,394.36,22.71,26.3114960629921,54.79,18.61,4.99,25.59,14.76,178.064130382749,65.28,348.267257594996,411.848471240206,56.5996914359216,297.43,37.2941717313125,73.0676004295427,25.3531179553797,11.5972634412166,28.1770913872647,189.196697303013,585.131663002313,94.819517147837,140.118082742854,631.963123033153,155.701339754816,513.858289564966,12.86,22.2939383820797,278.906117107977
2025-01-08,13.66,142.463883017145,202.133419837468,12.595,71.5176969759301,84.5251954624894,76.2,220.606925109241,60.8,64.96,245.86,302.73,151.73,218.48937726723,58.7794871794872,23.68,58.31,4.58750614866902,394.94,22.72,25.1857107335267,53.34,16.8,4.53,26.45,13.53,177.824970993349,65.56,351.513503578831,408.589719090388,55.5261980712939,297.85,37.3140725700165,73.2856239219406,25.4229612555322,11.3505131552333,27.4929888870109,188.655319728919,585.986551863196,94.9277473739059,140.088087434717,638.200877518014,154.714373905429,513.948058667146,12.14,22.4615619789374,277.171071411276
2025-01-10,15.08,139.6978827832,199.00327761579,11.32,69.8947839024125,83.9651656889962,75.67,215.751204598064,59.35,64.48,248.21,299.0,147.48,210.490786836516,58.3227546777547,22.96,53.94,4.44968407553304,394.74,22.28,24.458433485288,53.84,18.735,4.49,25.59,15.22,175.533026844934,64.8,349.775513421331,407.164637875024,54.3542190768839,294.36,36.8066011830643,71.9675728088077,23.2777741794178,11.3011630980366,27.0270060245192,187.168992207314,577.040040528367,94.3964353550221,135.88874429557,626.799814296881,148.772640105079,505.888788160362,12.22,22.3826802862985,271.063710558889
2025-01-13,14.3,139.945732266529,200.279259158384,10.85,68.0428708246563,83.9356904377597,74.53,216.169114969927,60.61,65.9,245.74,292.5,146.18,211.065654550247,58.3426126126126,23.04,55.87,4.4004619065559,403.31,22.45,23.89055946954,53.22,14.78,4.14,24.47,13.64,175.881800954475,64.69,350.254958982021,428.431234473533,55.0633156113168,297.96,37.0056095701044,73.5234677318292,23.9462743380209,11.3406431437939,27.2252966043029,188.094255697584,577.93469166185,94.3078833518748,133.209163435353,634.708928835101,151.33476357268,504.262969976444,11.81,22.3728200747186,273.175509035445
2025-01-14,14.13,141.670764670494,204.147078209375,10.73,69.9644795558764,83.7981392653228,73.9,218.626825966363,61.47,66.98,247.03,294.19,148.22,212.750611642219,58.9085637560638,22.91,55.18,4.43983964173761,396.36,22.64,24.249216742644,54.83,16.41,4.18,25.13,15.0,178.522519212432,65.19,359.174644100681,430.822979170648,56.0186262202057,304.57,38.378767440681,75.8919956719704,24.3054684530912,11.5577833954593,27.5029034160001,190.466473794979,578.729937113835,94.3374006862573,131.739393336652,643.682540550164,154.933699649737,503.784201431486,12.61,22.195336266281,274.613118326997
2025-01-15,13.49,142.235861492483,205.064189943115,11.43,70.6415230466691,85.2424265759105,76.16,222.925332648389,60.89,68.26,248.88,300.72,149.14,216.28902153536,59.5539466389466,23.4,55.23,4.53828397969188,428.22,23.33,24.5580605055947,56.64,18.49,4.44,26.77,15.12,179.429331897239,66.55,361.422045166413,427.404777374355,56.1368089759445,305.88,38.329015343921,75.4460385284292,24.8841700829267,11.9131038072753,27.929228162535,194.413608471557,589.256998784484,95.1540469375046,136.218692685075,652.944660845866,156.867753940455,515.374389957331,13.05,22.570024306316,273.750552752066
2025-01-16,13.37,142.453969037812,205.482871386779,11.27,69.5562621570162,85.5175289207843,78.18,223.3730937611,61.33,68.69,250.6,298.9,147.66,213.117337597531,59.3950831600832,23.71,53.51,4.37092860516962,413.82,23.33,24.5979113137174,57.09,18.88,4.39,31.82,14.89,180.226529861906,67.06,365.487343983093,437.599589145805,55.3390753747074,309.55,39.1648505694894,76.1496597993498,25.5426926272223,12.6928347109826,28.0382879814161,184.432574650983,588.123774015406,95.3606682781816,133.549110260903,655.272626634474,157.974352014011,511.763677180777,13.87,21.2684763777735,278.559107968637
2025-01-17,13.64,144.466506842438,207.91521120235,10.6,69.1181751923857,85.6649051769667,80.79,224.338267715166,61.16,68.54,249.27,305.6,149.63,217.220703692098,59.8021708246708,24.84,54.63,4.43983964173761,426.5,22.73,25.2753750518027,59.62,18.26,4.45,29.76,15.59,180.096985192647,67.4,366.496177350377,453.873418689088,57.0921195848334,312.09,39.5330160855135,75.991097259424,25.7422449133725,12.7520547796186,28.1770913872647,189.403405104031,594.028471496393,95.3606682781816,137.688462783776,666.017084120358,156.020359019264,520.401459679385,14.13,20.8937883377385,284.150912385434
2025-01-21,13.28,147.024313510387,211.404223232883,10.55,72.4038274271145,86.4312617091153,82.65,228.646724644141,61.79,69.9,253.13,310.97,151.2,219.490440010107,60.5964882189882,25.0,55.61,4.53828397969188,424.07,23.58,25.6539577289681,60.42,19.41,4.47,33.43,15.91,184.053080092303,68.5,381.73855080063,461.556898528569,57.6239419856582,323.69,40.8166201819221,76.843370911525,26.5703869008957,13.4429555803719,28.6827323657131,192.169352346221,599.46596227434,95.6755198449276,140.807974829999,674.931004404943,161.563318739054,523.453609153488,15.0,20.8543474914191,288.285278417001
2025-01-22,13.31,153.755905477585,210.088367267082,10.77,77.5015666519058,85.9793078568226,81.555,227.154187601771,62.73,68.35,254.43,321.49,151.0,222.097167746511,61.1922262647263,25.02,56.03,4.53828397969188,415.11,23.3,25.3550766680481,59.38,17.91,4.46,33.29,15.66,188.039069915634,68.65,382.108123420328,458.16859354099,57.5943962967235,323.16,40.1797933433938,75.6640620208271,25.8220658278326,13.1468552371919,28.5240999018861,193.960819955042,602.835814877126,95.4492202813289,147.046998922445,671.021215708691,161.65304290718,530.146394438206,14.53,21.307917224093,286.480830892432
2025-01-23,13.35,155.629647571548,209.211129956548,10.72,78.2084797084687,85.3112021621289,82.51,228.189013284481,63.92,69.18,254.07,324.52,149.67,226.329383501052,61.7879643104643,24.94,56.26,4.6170394500553,412.38,23.41,25.6938085370908,58.79,17.82,4.49,33.5,14.9,189.763010514225,68.87,383.626367695844,473.087101089241,58.6678896613512,315.33,40.3190992143219,76.0505582118962,26.4805883721281,13.0580251342379,28.8314503005509,197.465009343725,606.126142934713,95.2917944979559,147.196975463129,676.592415886556,166.587872154116,531.273495387794,14.24,21.4755408209507,288.215876589133
2025-01-24,13.19,153.35934630426,194.098723561441,10.46,76.8543927268835,85.6943804282032,79.92,227.552197479736,63.43,69.51,255.65,320.48,148.85,215.446542989374,61.7879643104643,24.35,54.5,4.43983964173761,406.58,23.49,25.2654123497721,59.7,19.26,4.31,31.38,15.5,187.321591747435,68.65,383.396633364681,477.123170265622,55.5360466342722,314.23,40.3489504723779,76.0208277356601,26.5604092865882,15.0024173877866,28.35555290907,182.611577356303,604.356721804047,95.4492202813289,142.597694882159,675.846273005592,164.93295971979,528.271217637123,14.68,21.376938705152,285.965274456841
2025-01-27,13.1,148.957539480348,176.474228504349,9.68,67.1965664611655,86.7063640539891,73.39,225.373093397876,64.17,68.07,252.99,289.87,145.74,213.513798089759,58.6603395703396,23.23,53.94,4.42999520794218,397.15,22.71,25.0860837132201,57.67,16.57,4.08,27.74,13.98,184.302204456261,66.22,340.795897607585,482.48466462832,56.363325924444,313.26,38.8762884082812,76.4469645617106,25.5626478558373,15.4268278796779,28.3456383800808,184.097904877907,595.807833195209,95.9805323002127,118.401479651839,659.361489622157,162.420683012259,512.890778130365,15.09,21.2388957430339,281.79125023792
2025-01-28,13.44,147.173023200384,180.651074335187,9.74,68.2818273508184,86.6474135515162,73.53,225.621849571604,62.8,68.72,255.18,299.3,148.14,207.666005829386,59.0078534303534,22.19,53.87,4.39061747276047,398.09,22.81,24.48832159138,57.58,17.51,3.97,29.56,15.05,182.249419697246,67.46,337.629559217198,478.338973819988,55.4277124415116,315.22,39.5131152468095,75.9316363069518,25.1535656692295,15.9400684745233,27.7507666407297,177.739179189454,600.927225792362,95.9510149658303,128.969826552024,662.803695446339,160.337088441331,520.471280092191,15.11,21.229035531454,279.828169963938
2025-01-29,13.29,146.439388729732,184.907669012437,9.46,69.078349104692,86.4705620440973,75.86,225.104436730249,62.68,68.53,254.2,289.88,147.75,208.052554809309,59.127001039501,22.85,53.77,4.37092860516962,389.1,22.75,24.6477248238707,59.34,16.11,4.11,29.26,15.27,181.880715638588,68.19,338.03908563362,476.515268488439,55.1814983670557,311.58,39.0056438598573,76.5361559904188,25.4528940984547,16.2953888863393,27.3046128362164,177.443882330857,598.233331823763,95.8919802970654,123.680653883909,662.385855432999,160.197517513135,519.493794312903,14.81,21.3966591283118,276.516711319949
2025-01-30,13.43,148.52132438969,186.981139019154,9.88,71.3484361032319,86.7947898076986,78.15,227.39299352855,62.91,68.65,258.05,297.76,149.07,210.520521373433,60.0404660429661,24.0,53.27,4.62688388385072,400.28,23.49,22.4360049730626,59.72,16.34,4.05,29.82,16.0,185.348526784886,69.1,346.439371394867,478.338973819988,54.3246733879491,322.02,39.5230656661615,79.4398325028094,25.5826030844524,16.3644789664146,27.1955530173353,182.365496640805,601.444135336152,96.0297278575168,124.63050530824,700.270016642486,162.550284588441,521.708098833331,15.57,21.5149816672702,276.615856788332
2025-01-31,13.16,146.697152192393,181.089692990454,9.96,70.4722621739709,86.2249349504599,76.72,225.353192903978,62.42,68.38,258.56,297.62,149.66,210.015034245841,60.1695426195426,24.09,52.34,4.52843954589645,404.6,23.3,22.3662660588479,57.71,16.59,4.24,29.35,15.44,183.913570448487,67.93,346.539255886677,474.920772023696,53.4776969718209,348.75,39.7021732144976,79.5488442490084,25.1535656692295,15.7327982342973,26.9278607346273,183.054522644198,598.243272391913,95.8329456283006,120.051221599361,703.413765314281,158.243524518389,520.950048637148,15.22,21.6431644178084,276.050727618549
2025-02-03,13.18,143.812184206451,180.531451065569,9.55,69.8151317270251,86.9247579805008,75.31,222.716377462457,60.68,68.14,259.94,298.3,147.03,203.423878562539,60.6064171864172,22.96,50.26,4.54812841348731,383.68,22.98,21.5592871943639,57.58,15.78,4.01,29.21,15.4,183.485076542479,68.16,344.561542948833,465.44348366138,51.4685901242607,367.29,38.7568833760572,76.5460661491642,24.3653341389363,15.5255279940713,25.4010232702928,179.415445139706,594.21734229124,95.923761610995,116.641754907816,692.191776384581,151.414518388792,516.780772558144,15.69,21.6826052641279,268.73379205189
2025-02-04,13.01,143.52467880579,184.239772423735,10.1,69.4069143281649,87.1909749117024,76.43,225.800954016689,61.4,68.05,262.5,299.67,147.87,204.18706501008,60.9042862092862,23.94,50.58,4.6773937047683,392.21,23.0,22.2865644426026,56.13,16.06,4.0,30.3,15.69,179.867790777806,67.89,344.171993430773,470.645528377604,51.8034412655208,368.82,38.2096103116969,78.2010626596394,24.5848416537015,15.6538381427826,25.519997618163,179.038646923982,598.203510119314,96.1014530496075,118.631443680888,686.152993334644,154.415293345009,523.12445577883,16.99,22.0671535157427,268.029859226372
2025-02-05,13.2,144.962205809095,192.72305596083,10.28,69.2177404116199,88.6305183174593,78.76,228.258665013125,61.27,68.63,264.13,302.65,148.84,207.943528173946,62.1255492030492,24.61,51.72,4.75667156417115,378.17,23.82,22.2168255283879,55.33,16.05,4.01,30.92,13.89,179.598736464731,69.21,350.524647109909,466.071316644372,52.689811933562,369.5,38.7270321180012,80.9065359971228,24.634729725239,15.8018883143726,25.3712796833252,180.059968403445,600.629008747868,96.6147838722659,124.81047715706,685.32726187971,154.594741681261,525.498349814244,16.55,21.9981320346837,268.247979256814
2025-02-06,13.19,145.210055292423,192.742993172434,11.05,69.7255230297144,88.5910787720961,78.64,227.51239649194,63.48,66.73,263.43,302.91,148.61,205.99096024972,61.8276801801802,25.01,52.44,4.7467618317458,374.32,23.93,22.6751098217986,55.12,16.7,4.26,25.99,16.81,182.259384671804,68.83,349.895374811504,463.380603860118,52.3057179774108,365.34,38.4683212148491,80.5497702822898,24.6047968823165,15.8314983486906,25.2622198644442,181.735728889164,602.716528059328,96.5160664063701,128.659875034611,688.04322196642,142.432132224168,528.241294603063,17.1,21.9291105536246,266.423702638568
2025-02-07,14.0,145.616528445082,189.373604411519,10.39,69.4965230254757,88.0192053643297,75.72,224.875581050419,64.1,66.36,263.9,299.68,146.41,203.394144025622,61.8276801801802,24.28,51.25,4.76658129659651,361.62,23.6,22.3861914629092,54.47,19.47,4.17,26.37,16.8,183.863745575695,68.26,354.599934375769,463.998471240206,51.104193294066,362.1,38.0205523440089,81.1344696482661,24.1558042384786,15.7426682457366,25.6389719660332,178.483365342916,597.199512736183,96.2100422620929,129.819693615899,682.044233203468,138.613870402802,521.578432352405,16.93,21.52484187885,266.106437139743
2025-02-10,15.02,148.402356637693,189.693087506266,10.28,71.4878274101598,87.752988433128,76.8,225.890506239231,63.98,67.25,268.37,305.63,147.66,203.047241094922,62.3638444213444,23.37,47.04,4.78640076144722,350.73,23.55,22.4459676750932,55.38,21.1,4.1,28.19,17.09,185.318631861211,68.57,352.642198336287,468.36340531244,51.2617703017178,363.64,39.2643547630094,80.7975242509238,24.5249759678564,15.8907184173266,25.5893993210873,178.790753361006,601.255264541306,96.2396575018617,133.549110260903,678.773324812516,136.081654991243,527.892192539032,16.65,21.5642827251695,299.756409108904
2025-02-11,14.09,147.579496353042,191.430276833955,9.71,69.645870854327,87.1909749117024,73.29,224.577073641945,64.66,66.61,267.39,303.87,146.53,201.659629372122,61.9865436590437,24.49,47.93,4.85576888842472,328.5,24.02,22.8145876502279,54.11,18.84,4.12,29.14,18.0,184.67090851492,67.48,350.274935880383,472.668545767246,51.7837441395643,364.59,39.4235614726415,81.3723134581547,26.6901182725858,16.1177286804313,25.5794847920981,177.739684653987,601.712530676197,96.0224790768908,132.779230685393,679.122354671307,135.204352014011,526.635425108518,15.52,21.6628848409682,301.154360213103
2025-02-12,16.0,145.229883251089,187.706302010806,9.6,69.4268273720117,86.0077885508063,74.38,222.507422276525,65.45,64.66,267.67,294.045,147.76,203.314851927177,62.0858333333333,24.43,50.06,4.96477594510364,336.51,23.02,23.4322751761293,55.16,19.57,4.06,29.11,18.22,184.850278056969,67.48,341.545031296162,474.920772023696,53.0345116378002,363.31,39.0553959566173,81.3029423469372,25.8819315136776,15.5946180741466,27.8895700465783,178.473449600396,599.774119886984,95.519020000822,131.119490301825,676.539533716257,137.955893169877,526.944629793803,16.03,21.4459601862111,299.369741782211
2025-02-13,14.86,151.901991342289,188.345268200301,10.09,69.0683925827686,87.4374720702224,76.35,225.014884507707,66.41,63.07,270.31,296.16,146.38,207.487598607883,63.3865280665281,24.57,50.92,4.94495648025293,355.94,24.88,23.8208205553253,54.74,22.92,4.19,27.72,18.0,183.784025779228,66.75,337.559640072931,464.616338620294,53.4383027199079,362.77,33.751822441999,82.3732394914361,26.6302525867408,15.8808484058873,28.7259584378359,179.27662474444,606.106261798413,96.0915813030179,135.268841260744,691.896847503041,135.991930823117,534.52513175563,15.95,21.4360999746312,296.107855872413
2025-02-14,16.54,151.455862272298,181.396510889545,9.83,68.580523008521,87.9008867282401,77.81,224.845730309572,67.0,62.53,266.29,295.19,143.17,212.710965592996,64.4092117117117,25.74,51.83,4.94495648025293,355.84,25.02,24.3886945710734,55.33,13.85,4.23,27.06,17.64,182.897143043537,66.79,322.826677530911,478.568182686795,54.9155871666433,364.56,33.0353922486547,82.4029699676722,26.4905659864357,16.1374687033099,29.4129917592261,181.487835326188,606.076440093964,96.446964180243,138.828284492973,698.309024623108,136.749601576182,536.769359310118,16.66,21.2684763777735,291.884258919301
2025-02-18,18.31,153.091668862265,182.564620954715,10.05,68.7298708373723,86.8655986624559,82.17,226.079560931264,66.88,62.45,270.7,300.43,143.99,218.271323996504,64.1312006237006,26.78,51.95,4.94495648025293,354.11,26.49,24.3189556568587,53.51,11.82,4.23,27.81,17.85,183.71427095732,67.24,325.183951537634,499.834779285305,56.9837853920728,369.61,32.8761855390226,82.6606340950516,26.9894467018111,16.6605793095946,29.5424328197779,184.888935010222,607.85580179278,96.0619660632492,139.37819847548,693.532301698517,136.081654991243,537.986229361885,17.48,21.1107129924956,299.875383670964
2025-02-19,18.44,154.707647493566,183.183619450788,10.21,69.5064795473991,86.9740574122048,82.94,225.303441669232,66.66,62.59,270.85,274.04,145.2,239.521606379961,64.3794248094248,27.7,55.52,4.9053175505515,360.56,26.64,26.3712722751761,54.65,13.365,4.29,26.76,17.68,188.198509508567,67.04,335.192377617027,507.518259124785,62.627011978602,370.84,33.4732107001429,82.4426106026537,26.7100735012008,16.1868187605066,29.8710139734862,194.665857134007,609.287243606353,96.2001705155034,139.208225062705,699.605421241473,135.553279334501,538.135844532184,17.99,20.9135087608983,298.073044489677
2025-02-20,17.88,154.439970051572,179.409725394085,9.85,69.0683925827686,87.2994336614512,81.27,223.14423808127,67.62,62.6,270.99,270.23,142.8,241.662493037996,64.2106323631324,27.61,55.74,4.94495648025293,354.4,26.1,28.1147451305429,56.04,13.1,4.07,26.09,18.51,188.118789712101,65.53,330.008372492072,494.084626409325,63.3262599500567,368.88,33.2344006356947,83.0372201273753,26.8098496442759,16.1078586689919,29.8411429595127,202.241484418561,606.752398728151,96.3482467143471,140.088087434717,693.532301698517,135.633034150613,535.851719598949,17.7,21.0515517230164,301.896791703014
2025-02-21,23.61,153.825303332917,171.861937280677,8.87,67.2861751584763,88.3544414999169,78.2,216.71637855213,66.68,61.26,270.74,258.34,140.51,236.795940495889,63.5255336105336,26.61,54.05,4.89540781812615,337.8,25.3,27.4870949026109,53.92,12.01,3.91,24.47,19.63,185.537861301494,63.12,315.834763104189,488.294611121727,60.1451741080866,357.11,32.6174746358705,80.5200398060537,26.5304764436657,15.5057879711926,29.3632067359369,200.297998884827,596.374445579749,96.7628600711097,134.408975760824,665.121271192966,134.237324868652,524.730325273375,18.4,20.8740679145788,293.970482375368
2025-02-24,18.88,152.521108475846,167.479028574612,8.27,66.8381316719224,88.6107985447777,75.84,215.154189781116,66.79,60.94,272.21,252.95,138.3,234.892930133191,62.79079002079,25.01,53.4,4.85576888842472,330.53,24.76,27.3077662660588,53.41,10.37,3.82,24.38,17.73,185.129297344603,62.68,313.547408241733,482.883288744506,60.3569182121186,357.56,32.6771771519825,79.3704613915919,25.8021105992175,15.1702075822553,29.3532497312791,199.048615327427,593.66067047485,96.9306797631326,130.259624801905,657.253140947659,132.961247810858,518.536257222988,18.14,20.5388207208633,291.391444541372
2025-02-25,17.095,151.266692048433,167.888366289757,8.04,64.7273490241572,90.1390809276019,73.63,214.338269531287,66.65,61.34,268.62,248.9,148.25,233.217884553525,63.8134736659737,23.49,51.22,4.94495648025293,302.8,24.42,26.8992954828015,50.03,9.84,3.66,23.45,17.36,186.295199367927,62.0,314.046830700785,485.912832027518,59.702051106743,357.5,32.6473258939265,79.2416293279022,25.6225135416824,15.2787777080879,29.3532497312791,198.295018895979,590.708321734356,97.5328563050973,126.610195645266,655.34843514683,132.751891418564,512.003061453256,19.13,20.4796594513841,287.527866627896
2025-02-26,17.62,152.043235551117,169.395927143096,8.32,65.9420446988145,90.6715147900051,75.81,214.606926198913,66.22,61.36,269.03,253.94,149.3,231.661777121528,63.6248232848233,23.25,50.55,4.85576888842472,290.8,24.34,26.0624285122254,47.96,9.37,3.66,23.72,18.95,187.520891238601,63.11,318.801332510955,476.874030193006,59.3051619519699,358.16,33.0254418293026,79.7790631364562,25.4429164841472,15.3774778224813,29.2536796847008,196.569679697664,591.006538778851,97.6908042505306,131.259468406464,658.758955481298,134.077815236427,513.239880194396,21.99,20.4796594513841,285.87489257213
2025-02-27,16.35,151.08748970166,167.319287027238,8.09,65.1753925107111,90.030622177853,62.825,211.333294952648,65.32,57.42,264.93,248.56,145.33,221.869202963479,63.3567411642412,21.77,47.38,4.78640076144722,281.95,23.78,24.368769167012,47.35,8.72,3.52,22.94,17.97,186.673868401143,61.54,315.45520203531,478.897047582649,56.6757713015982,357.62,32.6274250552225,78.9131975560082,24.9240805401568,14.8050171589999,28.6562594052311,189.688154389443,581.57293960468,97.5427280516869,120.131209087726,653.184450022329,129.541760070053,498.986541637225,22.26,20.2134337387277,283.126574262544
2025-02-28,16.07,153.347430408189,170.214602573386,8.25,66.3104360099811,91.1349294480227,61.43,213.582050763152,65.12,58.62,263.27,250.5,144.64,228.024252105329,63.6546101871102,22.3,47.05,4.75667156417115,292.98,23.54,24.5979113137174,47.9,9.01,3.58,22.7,17.91,188.636968389134,62.38,321.288456357032,479.13622205236,58.4022391248611,359.2,32.7171978542127,80.6150712830957,24.8243043970817,14.7754071246819,28.7259584378359,194.338637630878,590.648678325458,97.9770849016286,124.90046308147,666.657002571644,129.003415061296,506.86627393965,21.49,19.819025275533,285.934638622339
2025-03-03,15.05,149.932630133566,166.490627750237,7.69,63.1741316041036,91.5587241247571,56.81,207.741255804011,64.01,57.88,266.74,241.74,143.37,226.507790722555,63.0290852390852,25.62,44.91,4.96477594510364,284.65,21.98,24.1396270203067,48.9,8.37,3.33,21.05,15.92,185.896600385594,60.71,314.995733372983,464.227680107013,57.4993162977523,355.95,31.7895455979804,77.2610862186015,23.7966101234083,14.0798600508906,27.2025367251881,192.75211882783,580.300546881505,98.1885258674816,114.042161535963,648.756756956528,123.330853765324,495.774802648135,20.25,19.5527995628766,277.450699492747
2025-03-04,14.71,147.383974535014,162.067783657328,7.77,62.7758707271668,90.4311779920768,55.35,205.392997524016,62.8,56.88,269.06,241.29,139.83,225.159825048977,62.810647955648,25.04,44.49,4.83594942357401,272.04,21.32,23.800895151264,49.39,8.4,3.25,21.87,15.74,182.687878577812,59.47,312.149025356389,456.803305943054,57.6878386462696,350.47,31.4803281792364,74.2753428377461,23.1680204220352,13.6923409669211,26.4159333572196,193.198327241187,573.431614289985,97.9409751265894,115.971859692761,623.167882166341,119.64219352014,494.278650945143,20.22,19.4344770239182,266.736241155375
2025-03-05,15.21,150.11183248034,165.532178465995,8.35,64.4286533664546,89.7091528369393,56.15,207.432798148588,65.09,57.65,269.62,244.7,142.67,228.434985648549,63.5056756756757,26.78,46.49,5.12333166390935,279.1,21.6,25.4845917944467,51.44,8.28,3.31,22.57,17.37,184.391889227286,60.04,323.49590362604,465.891935792089,59.1761729766687,356.03,32.0089902177343,75.509450101833,23.6868563660257,14.3382061068702,26.9834826227159,193.922176445078,579.594766542868,97.604306118976,117.281654814733,638.275888911132,123.639903677758,500.722077612696,21.66,19.7795844292135,272.501735000485
2025-03-06,14.9,146.637298090126,166.021386954827,7.98,61.4815228771221,89.4124301704445,53.52,204.258669371814,65.14,57.47,268.25,243.16,141.97,221.765205704132,62.9595824670825,28.31,43.88,5.11342193148399,263.45,21.92,25.8133609614588,50.64,7.92,3.09,21.96,16.4,183.495041517037,57.82,313.287708563026,481.179170647812,57.8069053927015,348.73,32.5376522562322,76.1663136456212,25.2533418123046,14.1891603053435,27.7203009673952,187.744668855709,569.306278507814,97.5052858226191,110.552707356053,629.181168019218,123.211221541156,486.947507600482,22.23,19.4739178702377,270.669522794094
2025-03-07,15.2,150.141699538135,169.725394084554,8.08,62.6563924640857,89.1255982594995,53.07,204.925335917406,66.83,56.57,268.39,243.21,142.99,224.841268394916,63.4858177408177,27.71,45.4,5.18279005846149,262.67,22.2,26.4111230832988,49.43,7.43,3.13,23.29,17.43,183.345566898662,57.75,314.366461074578,497.901452321804,59.3051619519699,353.01,33.8842442410855,76.693794976239,23.3077070223404,13.9010050890585,28.5965173772841,188.914726472957,572.497200883903,97.3864614669909,112.672375797718,632.990579620875,122.244194395797,490.528297342977,23.6,19.5823801976162,275.369545410488
2025-03-10,13.39,147.393930220946,170.154699493121,7.65,61.5213489648158,90.0553292811833,48.94,199.771107997755,64.34,58.01,266.04,233.96,140.75,215.284568773065,61.6191718641719,25.41,44.16,5.09360246663328,222.15,22.07,24.9565685868214,44.91,6.68,2.68,21.17,16.01,178.741748652715,55.52,304.467907936176,487.09873877317,53.034313306555,345.72,33.5550773114547,74.4047250509165,22.4296769632796,13.4339949109415,28.0090541024722,184.91868223778,557.248369342093,97.8518568598682,106.963268815688,604.918606692435,116.980376532399,471.517196370291,22.95,19.1682513112618,269.225659914058
2025-03-11,13.52,143.919395830733,172.780451178076,7.85,61.3720011359645,89.4124301704445,49.62,199.751207503857,63.19,58.97,269.16,234.25,136.54,208.136953847556,60.2390453915454,25.47,42.86,5.10351219905863,230.58,22.12,24.8270534604227,47.24,6.97,2.595,21.15,24.08,178.23353495024,56.34,310.680723326777,473.864418115804,51.8337236133664,341.41,32.0887882612812,74.3350577053632,23.497281694183,13.8215139949109,27.4713758509495,175.845777832848,552.616064584282,97.5052858226191,108.742990431802,609.495883983431,118.146790718039,470.390095420703,26.34,18.704821367008,264.027753545927
2025-03-12,13.76,142.545511172138,172.980128112293,7.48,62.5568272448515,88.8783293707538,52.0,200.099466147076,63.76,58.88,270.33,239.22,134.97,205.688049569456,60.0305370755371,24.94,42.85,5.15306086118542,248.09,22.07,24.4982842934107,47.15,7.53,2.74,21.35,22.55,176.589314148116,57.25,313.787131022078,469.748624116186,51.4963678318093,337.04,30.9317166298517,73.1109029192125,23.1979532649578,14.0103053435114,26.6648584736654,174.219596059724,555.548532188476,97.2181269631842,115.731897227667,611.440478910978,118.346177758319,475.696446793982,24.73,18.2413914227543,260.871170559917
2025-03-13,12.81,140.594196729497,171.722163426725,7.56,61.3520880921176,89.6596990591902,52.2,197.114392062336,62.17,59.29,275.13,241.56,134.47,202.880769055538,59.2461486486487,26.24,42.15,5.15306086118542,240.68,22.04,23.830783257356,45.52,7.02,2.59,20.56,20.56,172.304375088035,55.71,313.787131022078,465.483346072998,51.4864456029399,331.51,30.1836099715999,72.3047522063815,22.7689158497349,13.5234223918575,26.3462343246148,172.137290130723,548.142808916867,97.5151878522548,115.571908429012,590.010045581238,114.537885288967,467.138459052867,25.35,18.0343269795771,254.209485961681
2025-03-14,13.92,145.233546373736,176.654183701888,7.97,62.7260881175497,89.1849427927984,54.78,201.880560350971,63.23,59.97,275.24,247.43,136.07,207.808442298055,60.070252945253,26.78,43.19,5.28188738271505,249.98,22.44,24.7672772482387,48.14,7.66,2.72,21.65,19.8,175.831976081683,57.49,322.287301275135,475.857538696732,53.0839244509016,336.48,31.4304544020196,74.1559131025119,23.5970578372581,14.2785877862595,27.0631386599785,174.933529521095,559.465116039501,97.3171472595411,121.661482077849,606.19505874744,116.362276707531,478.429417238114,23.73,18.1427893069556,259.0887467287
2025-03-17,13.72,146.089735363875,176.105072132791,8.51,63.5823490029638,89.6300267925407,56.04,204.42782356995,62.65,59.7,276.73,255.11,137.98,210.725226661807,60.4574826749827,26.94,44.05,5.34134577726719,238.01,22.54,25.2853377538334,48.06,7.83,2.8,22.31,22.3,178.317621707001,58.74,328.510105114917,480.690856105484,54.8302367319033,346.5,32.0588639949511,74.8426340801086,23.5571473800281,14.377951653944,27.6207309208169,178.473449600396,563.779322616519,97.445873644805,119.521631895828,619.85708464867,118.047097197898,481.531438435651,24.56,18.3104129038133,260.881128234952
2025-03-18,12.84,146.209203595057,175.256445162368,8.16,63.7366750927769,89.7190435924891,53.79,202.656533344374,62.82,59.54,279.96,253.88,136.02,208.216593011071,59.8716735966736,26.9,43.42,5.37107497454326,225.31,22.78,25.5443680066308,46.81,7.19,2.68,20.99,20.56,175.772081006374,57.65,323.835510898195,479.514914962736,53.7784804717546,335.41,32.2583591038182,74.2554378818737,23.6070354515656,14.0500508905852,27.6904299534217,177.937999504368,557.685754340685,97.5448939411619,115.421918930272,614.69144273857,118.405993870403,473.322552758568,22.64,18.1920903648549,257.037465671545
2025-03-19,12.55,147.105215328923,176.394603687406,8.3,67.2903565858119,90.1839091033311,55.15,205.807926707733,62.73,59.95,281.11,258.7,136.67,209.022939541665,60.6858489258489,27.41,43.58,5.31161657999112,235.86,22.51,25.3849647741401,48.61,7.4,3.11,21.5,20.75,176.76034974897,59.23,330.697575485563,477.760968851519,54.1456029399197,338.34,31.1312117387188,75.0814935505771,24.2056923100162,14.1692875318066,27.8696560372626,180.20870454123,563.759441480219,97.8320528005968,117.511772612714,628.263718104683,122.932079684764,479.656261634568,23.8,18.3104129038133,258.929423928145
2025-03-20,12.5,145.63177381101,174.887042834067,8.38,66.2422201903942,90.24325363663,54.64,204.501494648872,62.48,59.52,280.75,258.5,134.205,204.971297097818,60.1894005544006,26.84,43.2,5.28188738271505,236.26,22.52,24.308992954828,47.85,6.93,4.19,21.65,19.25,175.622343318102,59.16,327.08175688203,475.379189757309,50.6033672335698,333.57,31.0713632060587,74.3350577053632,23.8464981949458,14.377951653944,27.7800429953422,179.157635834211,562.12918830365,97.891464978411,118.521701904229,622.988381096106,123.151405429072,478.03044345065,22.07,17.8075421132401,256.997634971406
2025-03-21,12.71,145.52226126576,174.887042834067,11.05,66.4817942236325,89.7091528369393,54.26,203.234953645243,62.45,58.83,278.49,262.42,133.52,203.478062781904,59.8716735966736,26.57,43.78,5.26206791786434,248.71,22.88,23.920447575632,47.7,7.01,4.19,22.39,18.4,174.214809048344,59.05,324.934240308108,470.804978024078,51.3177677121614,330.02,30.8419438308615,73.8274813306178,23.7865572694454,14.0500508905852,27.033267646005,177.49179109101,562.31361367642,97.7726406227827,117.691760011201,620.375643296016,120.369956217163,479.606389911134,21.8,18.0639076143167,257.694672223838
2025-03-24,13.21,148.319809012608,180.847399320448,11.24,69.1770020975636,88.7893125708053,55.61,208.291144895949,63.91,59.68,277.25,267.15,137.51,211.382249760809,60.5369144144144,27.19,45.68,5.28188738271505,278.39,23.85,24.2292913385827,50.18,7.79,4.74,23.5,18.85,178.507289445479,60.88,335.851615262975,478.309077011275,53.4708913768054,335.11,31.4903029346797,75.8975967413442,24.0962520511979,14.6362977099237,27.6705159441061,183.946939470913,572.383771302811,97.3963634966266,121.401500280034,640.798876176104,124.018739054291,490.115070216955,21.39,18.3301333269731,266.825860230687
2025-03-25,12.14,150.131743852203,181.017124714532,11.23,69.3666648738773,88.7794218152555,55.75,207.13430429421,64.49,59.39,278.47,269.11,136.82,212.616656795298,60.5567723492724,27.14,45.31,5.28188738271505,288.14,23.39,24.04,50.14,7.68,5.19,23.38,18.385,179.385750550008,61.23,339.09786124681,477.282619912096,51.9527903597983,333.41,31.1711107604923,76.0568363883231,23.7266163439449,14.5568066157761,27.730257972053,182.419915122979,573.759693829981,97.4854817633478,120.681550686082,649.554539490907,124.497267950963,492.91196052105,21.01,18.5667784048899,271.695163322671
2025-03-26,11.03,149.076441143428,177.902164540745,10.62,67.4600548593557,88.1958672378156,53.94,205.030051130701,65.8,59.79,278.24,263.41,135.19,209.580413686273,61.3610187110187,26.85,45.04,5.21251925573756,272.06,23.52,23.08,49.18,7.03,5.8,22.15,18.05,176.590647035595,59.93,329.558892278925,481.956487674374,51.7642680112811,332.36,31.2010350268223,75.3203530210455,23.3370003281917,14.5667430025445,27.3419347903977,182.935533733969,566.909992553416,97.2478330520912,113.752035844301,635.742929364481,122.543274956217,483.842044820626,20.72,18.3991548080321,268.140273335272
2025-03-27,10.16,146.458095743353,174.717317439982,9.98,68.0490076910665,87.9387075935201,52.69,204.052720277508,62.25,59.86,281.97,262.54,132.53,207.997585311404,60.96386001386,25.53,43.76,5.15306086118542,273.13,24.77,22.88,49.44,6.77,6.38,21.51,17.26,175.252990353698,58.88,325.193939986815,478.069902541563,50.3950004273139,332.76,30.662398232881,73.4393346911066,23.2470889399409,13.6625318066158,26.0076961662487,179.236961774363,565.404454136006,97.1983229039128,111.422198963876,624.524112474784,120.419802977233,481.085110092304,20.2,18.409015019612,266.945352331104
2025-03-28,8.97,141.500164149295,171.472567258954,9.54,66.4718119722476,89.155270526149,50.61,199.904050533338,60.59,58.47,284.06,256.69,129.08,200.650872477106,60.4276957726958,24.86,40.94,5.16297059361077,263.55,24.08,22.15,47.56,6.29,6.71,20.16,15.2,170.092031364585,58.03,316.63830891266,463.709468755972,48.3212545936245,325.6,29.9342410855159,71.627983706721,22.4678569084345,13.0762849872774,24.6435865281261,174.844287838424,554.018196701017,97.762738593147,109.662322178661,599.762937064014,117.668261821366,468.419192572329,19.7,17.9160044406187,257.535349423282
2025-03-31,8.82,140.693753588815,173.069982732691,8.98,65.4735868337546,90.0355477700836,50.33,198.946665207761,59.5,58.03,288.14,254.33,127.87,200.76037632694,61.271658004158,25.13,40.69,5.22242898816291,259.16,24.09,21.96,46.81,5.75,7.0,20.21,14.8,171.838971061093,59.4,317.108069030049,469.35,48.033509956414,321.77,29.7546954875355,71.5284589273591,21.9583590416803,13.245203562341,24.1656503045503,178.185893067344,557.737175705615,97.9508771562251,108.372412489499,606.165141902401,113.85,468.399214784442,20.72,17.9948861332576,257.286407547414
2025-04-01,7.89,140.076501061041,175.256445162368,8.74,65.9527349002313,90.8125477227181,50.46,198.966610735377,59.15,58.49,287.57,258.79,127.5,198.281607362522,61.3610187110187,26.18,40.2,5.29179711514041,268.46,23.51,21.78,48.3,5.67,7.26,20.9,17.43,171.589408247306,59.48,322.295420113561,478.45,48.1228100162379,332.93,29.9342410855159,68.4133333333333,21.9783393501805,13.135903307888,24.125822285919,176.490301096586,559.312507294694,98.3125012589263,110.142288574629,608.169570520027,114.72,472.175016694971,20.96,17.9455850753583,257.644883848664
2025-04-02,7.56,141.659455124204,175.50604133014,8.92,67.7794869036734,90.7529920022748,51.39,202.108031334928,60.78,58.7,288.16,264.94,128.65,198.689758075539,61.3808766458767,25.91,40.76,5.30170684756577,282.76,28.25,21.91,49.41,5.88,7.17,22.03,17.23,172.417956789079,60.28,325.603730727516,470.9,48.549465857619,336.99,30.5127769012307,70.1052545824847,22.0582605841812,13.5929770992366,24.5041884629165,176.688615946967,562.852018143574,98.2032209927735,110.412269672361,627.236573091671,121.51,475.621185105374,21.12,18.1329290953757,259.755910956027
2025-04-03,6.92,129.404005742105,161.718349022448,8.09,62.5487871779702,91.1698820453783,45.29,189.133465620592,55.39,55.96,286.42,248.91,115.73,180.064148708369,57.31,22.89,35.56,4.93504674782757,267.28,21.42,19.53,46.57,5.41,7.31,18.24,16.83,161.207595193772,56.3,302.755398209387,447.45,40.3933937270319,317.19,26.921864941622,63.1086625933469,20.4098851329176,12.3608651399491,20.1629344321032,162.816492162815,535.11421763207,98.7198186145868,101.792873144777,555.156921110581,102.71,450.159494444163,21.12,17.1074670910695,238.147756130658
2025-04-04,6.41,121.459368368493,153.142224697822,7.2,58.9851234335503,92.162477386101,41.94,180.69650743894,53.0,54.26,279.72,232.88,104.12,163.857578932981,54.54,21.32,33.7,4.73685209932044,239.43,20.44,18.49,47.71,5.22,6.57,17.5,15.27,152.39303661082,52.34,283.035468175148,429.86,35.9383129647039,308.82,24.887014831177,59.8044399185336,20.339954053167,11.1883715012723,18.6395127194554,150.114425995911,503.787054006209,98.8092297414391,94.3033975077009,515.796325320686,98.85,422.200580297151,19.43,16.3482307994198,226.148757713806
2025-04-07,6.54,122.95272125827,153.711303960341,7.43,60.7919109342226,89.3832104320775,41.67,179.060974174412,51.98,54.03,273.71,233.82,105.0,170.567178459155,54.41,21.06,35.08,4.63775477506687,233.29,20.41,18.89,44.27,5.43,6.34,18.56,14.26,153.061864951769,53.07,287.823023414074,423.35,37.7937697632681,307.73,24.4481255916693,58.8091921249151,20.4298654414178,10.8008524173028,18.8187388032963,152.702434793383,502.889713227619,97.5574739655069,97.6331643797256,530.176355502857,95.78,423.219447479358,17.74,16.5454350310171,226.656599140577
2025-04-08,5.77,121.777950318312,150.656246866819,6.61,59.9633840692734,87.6957983528489,40.3,174.343856893182,49.36,53.5,275.2,231.64,102.65,165.340858353456,53.19,18.93,31.95,4.60802557779081,221.86,19.2,17.78,43.59,5.13,5.91,17.88,13.21,151.145222541885,52.11,292.59058886077,412.99,35.0651568242031,304.79,23.211255916693,57.0675084860828,19.8704168034132,10.3139694656489,17.613941239699,144.779756520662,495.013055282225,97.0508109133439,96.2932581909829,524.023457706463,94.06,415.597921400697,16.42,16.1904674141419,218.043210235534
2025-04-09,6.54,133.26681188366,169.395927143096,7.41,66.0625396654655,88.2119479300247,48.01,189.163383912016,54.42,57.83,285.38,264.65,117.84,195.743109025468,58.13,23.23,39.2,4.88549808570079,272.2,21.43,21.6,46.83,5.86,7.29,21.38,13.52,160.71845207875,56.73,322.425353763052,452.59,44.5508076232801,333.39,25.7149195329757,63.3077121520706,21.6286839514276,11.8839185750636,20.7902257255464,168.071835697912,546.99899772183,97.2693714456495,114.321995939513,594.447710928718,107.2,465.482457753028,17.44,17.4131336500454,241.403915867016
2025-04-10,5.85,126.78566034203,159.6516927533,7.1,64.0161781315549,85.7800893452541,43.62,181.215091156962,49.42,55.23,292.35,254.02,111.0,177.555515057634,56.59,21.82,34.88,4.77649102902187,252.4,20.1,18.93,45.17,5.29,7.51,20.02,12.59,157.144712585322,54.83,313.050141207494,444.19,38.5081702418597,325.25,23.3908015146734,59.9636795655126,21.5387725631769,10.5623791348601,19.3564170548191,155.280527848337,523.030028480401,96.5044095825799,107.562469196304,558.627275135127,96.68,445.68446995761,17.97,16.7426392626145,229.185848599399
2025-04-11,5.3,127.38300149794,163.954730685679,7.05,65.283924057441,86.2466091553938,44.03,183.857873566108,47.92,55.56,297.93,259.47,112.39,178.351906692788,57.33,22.23,35.075,4.91522728297686,252.31,20.03,20.45,47.67,5.31,7.33,20.63,12.21,158.672037005698,55.4,316.48838547094,459.13,38.4089479531664,332.83,23.8895392868413,61.1878343516633,20.8794223826715,10.7213613231552,19.4858581153708,146.356359581191,532.36237257773,96.4050638860773,110.922233968076,563.802889326907,99.29,453.895340778919,20.0,16.6440371468158,228.40914994669
2025-04-14,5.38,129.374138684309,164.813341502813,7.06,65.3438175657505,86.8620182666419,44.8,186.021963312465,50.1,56.4,296.23,260.56,114.48,177.79443254818,57.41,22.01,35.62,4.93504674782757,252.35,20.41,20.48,48.28,5.79,7.18,20.41,12.94,161.077822530603,56.27,317.587824043553,467.67,38.577625843945,335.03,24.3882770590092,61.5958859470468,21.1691368559239,10.9697709923664,19.9040523109996,149.70788055263,537.527067281166,96.9713343561419,110.702249369924,568.031136759112,100.47,456.971920113424,21.08,16.7722198973541,232.432050660722
2025-04-15,5.19,128.965955561103,164.443939174511,6.99,65.6432851072985,87.1697228222659,45.13,186.251336880051,50.74,56.65,297.78,264.31,114.09,178.730192719486,57.2,19.88,35.85,5.09360246663328,254.11,20.28,20.53,47.74,5.86,7.8,20.76,11.75,159.929833587183,56.87,320.676246942985,461.26,38.4287924109051,332.61,23.9394130640581,61.7551255940258,21.0092943879225,11.0095165394402,19.6650841992118,149.906195403011,536.021528863755,97.170025749147,112.192145057407,566.674906450669,98.96,457.481353704527,19.81,16.7919403205138,232.063616684437
2025-04-16,4.69,126.337654475097,163.056184481702,6.91,64.6550422201904,87.65609453922,43.6,184.466212158402,50.71,56.41,307.47,259.26,114.02,175.136475465853,55.76,18.93,34.25,5.03414407208114,241.55,20.35,20.12,47.96,5.41,7.17,20.25,11.015,158.242788965984,55.61,319.816685877124,452.42,37.6548585590975,319.97,23.490549069107,60.6802579769179,21.1291762389235,11.0293893129771,19.0875779290577,145.31520661669,524.106837414708,97.4779974083049,104.482684822179,557.899298572507,96.64,443.68669116897,18.71,16.3482307994198,227.144525217279
2025-04-17,4.48,128.667284983148,164.394019940957,6.99,64.9445275103534,86.8818701734563,43.11,185.972099493425,51.71,56.6,306.12,260.22,114.58,175.474941910793,55.76,18.06,34.64,5.06387326935721,241.37,20.37,20.26,48.26,5.45,7.29,20.41,10.95,157.534030574829,55.69,318.317451459924,452.07,38.2601145201265,321.68,23.7099936888608,61.1281194840462,20.9993042336725,11.6851908396947,19.3862880687925,147.189281952791,524.854621396866,97.2296331670485,101.482894847382,559.445002232865,98.39,443.606780017425,18.22,15.9143814899056,231.306833381797
2025-04-21,4.18,128.179456372488,159.631725059879,6.74,63.4771365567687,85.3631993021506,41.46,182.242285829196,50.99,55.28,315.59,251.56,110.54,174.200715294546,54.37,16.53,34.74,5.02423433965578,227.5,19.45,20.01,49.72,5.17,6.295,19.62,11.61,154.978507361652,54.38,316.268497756417,441.56,39.123348431758,313.56,23.4307005364468,59.9039646978954,20.2999934361667,11.2181806615776,18.7888677893228,144.3831268199,512.361643668284,96.6434935576835,96.9032154858583,545.773004049955,97.27,432.62898557385,18.2,16.3482307994198,225.969519563181
2025-04-22,4.16,132.858628760454,162.537024452738,6.92,65.6333028559135,85.8396450656975,40.95,186.959403110426,52.28,54.93,311.11,258.15,112.82,177.694883593786,55.04,16.77,35.45,5.23233872058827,237.97,21.22,20.86,52.08,5.27,6.18,20.28,13.09,159.370812884301,56.0,322.475328243625,454.66,39.9766601145201,318.51,24.1089839065951,61.3769314324508,20.8794223826715,11.6951272264631,19.4958151200287,145.52343720959,525.692139456883,96.8223158113881,98.8830768692243,565.079341381912,101.2,443.986357987266,19.07,16.6243167236561,233.427818164195
2025-04-23,5.43,135.457062788666,166.151176962068,7.06,71.0237186037756,86.6734251519046,43.02,189.731831449078,53.31,55.91,303.65,265.42,115.34,182.284090391362,55.63,17.52,36.62,5.26206791786434,250.74,20.51,21.78,53.2,5.9,6.74,21.16,14.39,161.906371072375,57.32,327.122954936946,456.44,41.6039056490898,325.48,24.9169390975071,62.2826069246436,21.0842205447982,11.9832824427481,20.0334933715514,150.868022427359,533.837999635854,97.0607454829942,102.702809437132,579.20009224041,102.59,454.05516308201,20.47,16.9891445521111,238.814920357985
2025-04-24,7.57,142.884004493821,168.607203252938,7.72,75.8950572796214,87.5866128653694,46.66,193.531454459963,55.06,56.34,308.07,281.78,120.55,194.349423663948,56.29,18.87,39.96,4.81612995872329,259.51,21.72,23.34,53.26,6.66,7.49,22.06,15.03,166.94753991087,58.525,335.368744231546,464.51,46.7535424322707,330.13,26.0241369517198,64.6811541072641,21.5887233344273,12.4502926208651,21.5469580795414,160.763933461372,545.074700274411,97.597212244108,106.422549005881,595.155742927979,106.34,466.83095843536,20.8,17.1173273026494,247.488055313237
2025-04-25,7.01,143.730237798028,168.247784771347,7.98,75.7153767546926,88.2317998368392,47.57,193.591291042812,55.93,57.1,304.73,289.63,119.74,193.712310355825,56.71,19.12,39.63,4.94495648025293,284.95,21.9,23.28,54.27,6.5,7.32,21.93,15.3,166.398501720539,58.6,338.107345766965,459.3,46.5253311682762,327.13,26.0939602398233,64.6413441955194,21.6486642599278,12.9769211195929,21.1984629165174,161.487782665262,549.013029247108,97.9548567515171,111.002228367404,596.362389011226,107.02,472.035172179766,20.08,17.1567681489689,247.328732512681
2025-04-28,10.32,144.257889152415,164.453923021222,7.74,75.7453235088474,88.7876532276439,47.29,194.409057675076,56.28,56.85,309.07,285.74,118.55,192.846234452595,56.84,19.23,40.04,4.86567862085008,285.88,22.11,23.15,53.88,6.64,7.18,22.0,15.36,165.99920121848,58.98,338.337228377602,460.2,46.6443979147082,324.75,26.8520416535185,64.9797284453496,21.3489596324253,12.8179389312977,21.27811895378,161.071321479462,549.222408762112,98.223090132074,108.722387986558,595.434966815011,106.03,471.885338770618,19.93,17.0877466679098,245.496520306291
2025-04-29,9.65,144.60633816003,165.94151618114,7.72,76.5439036196418,89.5320997331859,47.14,195.555925513007,57.65,57.49,306.06,302.22,117.71,191.800970431455,57.34,18.76,38.86,4.92513701540222,292.03,26.09,22.98,54.22,6.45,7.32,21.98,18.2,167.506560613753,59.05,340.146304574357,460.64,45.5628749679515,329.31,26.7323445881982,64.9598234894773,21.5987134886774,12.9073664122137,21.27811895378,159.415392478781,552.682155986229,98.4615198036802,109.012367684122,601.069305964059,106.91,475.001873680896,18.67,17.3243917458266,246.601822235146
2025-04-30,9.09,145.731330670328,166.979836239069,7.43,76.8134244070349,88.8075051344583,47.99,194.329275564611,57.06,57.32,303.77,297.74,118.86,194.040821905326,57.73,19.07,39.7,4.94495648025293,282.16,24.94,22.71,53.51,6.17,7.11,21.58,18.81,169.283447847916,58.84,344.71397209876,463.56,45.7216306298607,328.57,27.231082360366,63.9446707399864,21.3289793239252,13.6525954198473,21.3079899677535,160.05,552.901505954328,98.3721086768279,108.912374684962,603.382875313756,105.84,474.941940317237,18.6,17.3539723805662,246.63169526025
2025-05-01,8.56,145.711419298465,169.276120982566,7.58,78.4904426397031,88.3584669134595,48.16,195.535979985391,56.96,58.11,297.46,299.73,120.79,192.866144243474,58.12,18.83,39.6,4.94495648025293,280.52,24.16,22.74,54.95,6.22,7.17,22.03,17.35,166.967504935973,58.71,350.101221104566,480.02,45.6224083411674,333.75,27.7497696434206,64.0441955193483,21.6087036429275,14.0103053435114,21.27811895378,158.26,556.819894020835,98.1050932745101,111.602186362363,608.4288498437,107.32,481.145043455963,18.67,17.3539723805662,248.12534651546
2025-05-02,10.4,149.265599176133,176.624232161756,8.33,80.5168396708439,87.4020555002571,50.43,199.933968824763,58.97,59.0,297.98,308.15,121.98,197.694268531596,59.33,19.55,41.91,5.01432460723042,287.21,26.28,23.45,55.19,7.05,7.68,23.06,18.29,169.772590962938,60.02,357.47745443719,481.67,47.5373985129476,344.69,27.759744398864,66.2337406653089,22.407915982934,14.4971882951654,21.975109279828,164.51,565.085399636952,97.6266777023089,114.491984038085,617.304180538659,111.73,488.28710262535,19.76,17.6300583048025,252.576427255985
2025-05-05,9.7,149.185953688678,177.223262964407,7.97,80.0277093529823,86.9138871747683,50.14,198.398163198316,58.78,58.55,306.88,308.83,120.01,196.828192628366,59.32,19.15,38.41,5.01,280.26,25.0,22.97,53.63,6.34,7.79,22.94,17.95,169.972241213967,59.85,359.74629585522,481.34,47.4084095376464,342.8,27.9193404859577,66.0446435845214,21.7185953396784,14.4375699745547,21.8854962379076,162.42,561.845002380935,97.457238853821,113.812031643797,614.860971527126,110.28,485.390323381822,19.94,17.6004776700629,252.765623081645
2025-05-06,14.32,147.871803145675,176.803941402551,8.01,79.5685257892755,87.2028031225066,49.81,196.234073451958,58.19,60.86,315.48,305.78,117.69,194.717754795207,59.22,18.96,38.51,5.03,275.35,24.52,22.55,53.97,6.25,9.21,22.95,17.28,167.55647317651,59.87,363.104580949748,475.3,46.8726091787027,341.65,27.759744398864,65.9550712830957,21.8284870364293,14.5170610687023,21.5370010748836,161.09,557.148918972984,97.6964466399216,113.53205124615,612.218316881997,125.24,480.875343319497,19.74,17.521595977424,251.978966753901
2025-05-07,14.9,149.026662713769,176.843876789395,8.26,80.6965201957726,87.571420021345,51.04,196.882303099485,58.92,63.68,310.75,308.34,118.91,198.958540252403,59.57,18.69,38.8,5.06,276.22,22.9,23.06,54.68,5.99,9.07,22.46,16.19,169.413220511085,60.23,361.865213831529,472.4,47.7060764037262,342.2,28.3382802145787,65.7958316361168,22.0982212011815,14.5369338422392,21.5967431028305,164.79,559.491975450412,97.8459515062345,117.051804816578,621.293093210552,129.9,482.763244274761,19.18,17.4624347079448,281.971483958515
2025-05-08,16.96,151.445894395207,180.917286247424,8.65,80.4369816597644,86.5950833703675,52.84,200.63206229133,61.11,66.72,304.63,307.96,121.91,201.865369720716,59.71,21.07,39.77,5.03,284.82,24.13,23.16,57.62,6.56,10.19,23.94,15.94,171.269967845659,59.77,377.837057822768,489.99,48.7578326638749,349.19,29.3457305143578,68.1048065173116,26.8335543157204,15.0536259541985,22.3634324614833,165.64,563.390422610727,97.3376349607707,117.361783113974,639.721869754693,132.19,487.747702352417,19.6,17.2455100531877,290.007327711544
2025-05-09,17.93,152.202526526027,179.24,10.62,80.7364492013123,86.7245974159054,53.85,200.26307003043,61.97,65.24,306.84,305.78,122.84,206.574035263566,59.77,22.33,40.98,5.09,298.26,24.58,23.93,58.66,7.46,11.12,24.75,16.36,171.449653071586,59.74,384.403704570104,492.6,54.8996923339886,349.25,29.3956042915746,68.2939035980991,28.731683623236,15.62,25.4401469007524,172.27,562.672549987856,97.4373048716459,116.641833520022,647.59,134.22,487.428057746235,19.63,17.2455100531877,293.552260023909
2025-05-12,20.07,160.26663213082,184.35,11.47,84.3100951971172,85.9176252860158,58.55,207.303841278948,66.93,66.49,298.19,311.77,131.68,222.143491730831,61.67,24.83,44.62,5.2,318.38,26.13,25.42,57.88,8.62,13.03,26.0,17.735,179.066310148361,60.55,387.172290793867,495.62,60.4859071874199,364.25,31.5401767118965,72.4639918533605,29.8206104364949,16.34,27.5510318882121,187.28,581.267445010845,97.1083941657576,122.991388966676,668.76,145.05,507.285978905312,21.12,18.3892945964523,298.511182191205
2025-05-13,17.95,161.67038384721,185.18,11.41,85.6277523799279,85.5689336249525,60.66,208.061771328363,68.79,66.06,299.46,318.66,132.9,225.657569820949,61.78,26.3,45.77,5.18,334.07,26.38,26.13,59.62,8.9,13.54,26.7,18.34,180.184351554126,60.99,394.948319971078,498.57,61.8154858559098,370.0,31.5302019564531,73.3,31.3191335740072,16.5,28.1086241490505,188.2,585.106069452588,97.0087242548823,129.920903808457,678.42,144.34,515.017382817348,20.77,18.1230688837959,307.204232496527
2025-05-14,17.17,160.027695668456,182.25,11.37,85.478018609154,85.0010643483635,61.2,206.216810023865,69.42,66.25,293.16,319.39,131.41,225.796938357101,61.29,27.02,45.2,5.09,347.68,25.92,26.07,58.74,9.03,14.45,28.0,17.83,179.046345123258,60.76,401.614915679561,497.5,60.1783180924707,364.46,31.9890407068476,72.6,31.4989563505087,16.76,27.79,187.34,585.853853434746,96.7296485044316,135.330525063008,674.81,142.32,518.103951045796,20.91,18.2019505764348,306.238338018158
2025-05-15,16.175,162.397148920235,184.0,11.24,85.8174151562416,85.7482607649279,62.62,207.563133137958,68.1,67.78,297.84,318.77,129.59,226.095585220283,64.26,27.02,44.52,5.19,342.82,25.94,25.95,58.67,9.39,17.03,26.94,17.36,179.894858690134,61.77,406.90221572422,516.32,60.3271515255106,367.27,31.61,72.49,32.7377354775189,16.07,27.32,187.83,588.715373473136,97.2778330142455,134.820560767292,672.64,139.7,518.673318000558,20.62,18.4583160775113,306.556983619269
2025-05-16,18.43,163.263293596305,184.14,11.08,86.7258000322702,85.977400999341,63.51,209.278448512951,68.26,67.97,294.24,321.56,131.17,226.085630324844,63.62,27.51,44.92,5.19,349.98,26.79,25.82,59.2,10.83,18.44,27.67,17.68,182.430416878208,62.04,409.90068455862,531.48,60.7339629091531,368.17,31.58,73.68,32.1682966852642,16.09,27.17,188.5,592.444322930829,97.3376349607707,135.390520862504,680.4,141.43,520.930808031721,20.67,18.0540474027368,307.741946948402
2025-05-19,16.91,162.148256771939,188.83,10.94,86.2566342171785,85.7283355271529,63.32,208.400845297839,67.34,67.72,298.03,320.3,129.26,223.527222196911,63.92,27.12,43.84,5.24,342.09,26.48,25.83,59.99,10.5,15.58,28.3,19.46,181.56193828623,62.4,417.816642281437,529.83,60.0989402615161,377.14,30.99,73.12,31.8386215950115,16.01,26.65,188.34,593.092402382032,97.3077339875081,135.560508961075,679.28,141.3,521.430252728881,19.98,18.0737678258965,308.2
2025-05-20,17.88,162.168168143802,187.12,10.28,86.1368472005594,85.1106531561263,64.27,208.510545699728,67.49,69.3,303.58,320.55,128.31,223.477447719714,63.42,27.26,44.26,5.31,343.82,26.35,25.87,60.91,9.95,14.96,28.24,19.57,180.483826930671,62.0,418.826126789018,526.33,60.3271515255106,373.3,30.97,72.49,31.8086511322612,16.16,26.87,188.71,591.098311762945,97.1382951390202,134.370592271073,680.05,140.68,519.692185182764,19.69,17.9850259216777,308.09
2025-05-21,17.29,159.51,182.38,9.89,85.5379121174636,83.6561107985477,63.59,202.656533344374,66.96,68.13,305.82,317.55,122.97,221.217686454964,63.2,26.28,43.66,5.34,334.62,25.83,25.25,61.79,9.6,14.2,26.74,21.03,177.36928301461,60.78,415.217969291623,514.66,58.7892060507649,366.8,29.68,69.53,30.8895569412537,15.74,25.57,185.42,581.137829120604,96.5004077094186,131.790772892747,661.78,134.66,512.470214861832,22.25,17.9061442290388,301.77
2025-05-22,20.59,158.91,180.69,10.42,85.1086753079116,84.0944660295988,63.14,202.646560580566,66.97,67.26,303.11,316.63,121.9,210.974099047793,63.36,25.91,42.29,5.36,341.04,26.31,25.18,63.23,11.63,16.1,29.43,21.63,178.227779094037,60.5,415.717714097357,515.65,58.05,359.77,29.89,69.31,30.44,16.18,25.53,180.21,581.367149541799,96.7794834598693,132.820700784094,657.35,135.0,513.429148680379,20.5,17.7878216900804,306.3
2025-05-23,17.41,157.56,180.14,10.29,85.3981605980745,84.2339426940241,62.11,202.008303696847,66.06,67.74,309.75,315.51,120.13,209.520684313636,63.11,25.42,41.27,5.34,339.34,25.99,24.41,61.83,11.34,16.05,28.755,21.45,177.329352964405,60.83,428.23132403292,510.06,56.19,360.5,29.72,68.46,29.88,16.42,25.19,176.3,577.398909209816,96.9190213350946,131.280808597032,654.96,134.38,508.674435163417,20.0,17.8568431711394,305.54
2025-05-27,21.35,161.37,186.66,10.83,88.173226483085,85.4095317227521,62.48,207.13430429421,68.4,69.29,304.5,323.08,123.32,215.911727185749,63.75,26.12,43.4,5.41,362.89,26.59,25.38,62.5,12.81,16.13,30.71,21.26,180.493809443222,61.6,446.352070688812,509.63,58.68,368.25,30.72,70.82,31.03,17.24,26.2,183.24,589.403334736721,97.3575689429457,135.490513861663,670.91,139.57,520.641130107368,19.33,18.2315312111744,313.09
2025-05-28,18.46,160.29,183.17,11.94,87.9735814553864,85.0409148239136,62.4,204.950269020236,67.71,69.45,303.81,288.61,122.07,214.647455464941,63.34,25.97,42.845,5.39,356.9,26.08,24.99,60.79,12.65,17.25,29.74,20.815,178.657027133751,61.16,449.4105088999,507.99,57.46,364.96,30.32,69.59,31.29,16.71,26.32,184.15,585.993439778082,97.1781631033703,134.80056216746,666.3,136.94,518.333695606489,19.33,18.1033484606361,312.39
2025-05-29,17.15,161.55,185.08,11.78,88.7621793147959,85.8279617160281,62.0,205.55860761253,68.09,69.86,305.61,284.5,124.32,214.776869105654,63.05,25.75,42.94,5.35,358.43,26.19,25.42,59.99,12.21,17.32,28.94,20.16,179.725155976759,61.28,440.734939072369,503.45,58.11,365.33,30.72,69.7,31.39,16.77,26.86,184.99,588.306584896223,97.5369747825212,139.180255530664,667.23,137.35,519.352562788695,20.1,18.2019505764348,314.93
2025-05-30,19.26,160.07,185.31,12.23,89.7703867046738,85.9574757615659,52.64,204.51146741268,66.81,70.38,303.6,287.07,123.82,213.014852612875,63.04,25.35,42.02,5.22,346.46,25.72,25.01,59.46,11.7,18.27,28.67,18.86,178.427429345067,61.6549,439.885372902622,506.26,58.04,365.87,29.97,68.49,30.4,16.63,26.06,182.85,587.648534991924,97.7761825686218,135.120539764772,664.7,133.44,518.533473485353,19.31,18.19,315.55
2025-06-02,17.45,159.87,181.73,12.79,90.1996235142258,85.16,53.16,205.149724296398,65.3,70.24,311.67,292.53,121.92,214.478222242471,63.85,25.84,42.54,5.31,342.69,25.07,25.05,59.36,11.94,17.32,29.34,18.65,176.01166130761,62.06,442.993785594284,507.84,60.0,370.21,29.68,68.98,30.34,16.51,25.7,184.21,590.958725419609,97.52,137.37038224587,660.3,131.78,522.628920002065,19.26,18.19,317.28
2025-06-03,13.84,161.93,183.79,13.38,91.5172806970365,85.01,53.87,208.460681880687,66.89,71.46,308.91,293.33,125.74,217.444781083421,64.36,26.78,47.37,5.34,344.27,26.05,25.67,60.4,11.55,19.71,29.48,19.71,177.399230552265,62.22,446.56196350722,513.15,63.84,374.42,30.53,70.57,31.57,16.47,26.54,188.08,594.328738565867,97.45,141.21011341361,664.71,136.03,526.714377624832,19.63,18.04,316.62
2025-06-04,13.14,162.07,184.04,13.97,91.7468724788899,86.39,53.54,207.872288816009,65.88,72.35,310.9,294.4,126.65,218.5,64.39,28.005,50.28,5.41,332.05,27.69,28.41,59.64,12.06,20.53,29.72,20.15,176.900104924691,62.71,446.851815494545,507.78,64.67,377.5,29.82,70.59,31.74,16.44,26.6,190.72,594.169211316339,98.03,141.910064407729,665.14,136.3,528.182745034483,20.37,17.85,318.89
2025-06-05,13.48,162.32,185.17,13.76,92.3557898133706,86.45,51.71,207.962043690282,65.48,73.31,309.33,296.29,126.33,218.04,64.62,27.95,49.54,5.39,284.7,27.39,28.29,57.87,11.46,19.05,29.26,19.58,176.62059457325,63.15,448.730855964103,510.75,64.37,378.09,30.24,70.75,31.47,16.47,26.51,190.49,591.297720824854,97.78,139.980199523943,661.97,138.42,524.20716524509,19.98,17.93,320.5
2025-06-06,13.93,164.65,185.69,14.59,93.1942989297047,85.35,53.59,211.322865093611,66.64,73.77,305.18,296.95,127.42,222.26,66.06,28.81,50.17,5.41,295.14,28.02,28.45,59.26,12.95,20.9,29.81,20.0,178.038111355559,63.6,452.289038980924,519.99,65.25,381.3,30.28,71.79,31.9,17.26,27.03,192.42,597.369726759975,97.28,141.710078409409,671.26,139.84,529.33146783795,19.5,18.2,324.33
2025-06-09,13.8,166.0,185.1,15.185,92.7950088743075,85.44,54.37,212.778888609594,67.19,73.9,306.62,301.66,128.7,227.66,65.9,29.8,52.38,5.43,308.58,27.24,29.6,61.77,12.57,21.78,30.24,20.27,178.327604219552,62.75,459.825190651383,521.68,68.05,381.22,31.14,72.63,33.36,17.33,27.77,199.21,597.908131227128,97.4,142.620014701764,669.88,142.09,530.11060156552,20.16,18.29,324.35
2025-06-10,13.07,166.39,181.03,16.03,92.3258430592158,85.88,54.9,213.925756447525,70.37,74.0,306.71,305.69,129.67,233.34,65.15,30.5,53.8,5.35,326.09,26.25,30.4,62.29,12.1,22.26,28.23,19.37,179.555453263384,62.33,456.30698721902,515.82,69.59,376.84,31.43,73.15,34.03,17.4,28.33,202.29,601.298085279577,97.62,143.949921590591,670.93,143.95,533.616703339582,20.48,18.51,325.22
2025-06-11,12.65,165.75,178.57,20.36,92.9048136395418,86.14,54.09,213.048153232413,70.19,74.62,308.37,307.2,127.76,232.54,64.19,30.04,51.78,5.28,326.43,26.41,29.89,61.84,12.76,23.34,28.8,20.62,180.583652056185,62.83,471.469244624971,520.84,69.6,375.59,30.84,72.24,34.75,17.71,28.69,199.69,599.583167347161,97.95,142.83,671.75,143.87,531.818702429807,20.43,18.61,325.04
2025-06-12,12.7,166.0,180.5,19.48,94.432098101436,87.17,53.18,212.200468308724,69.68,76.4,312.2,307.85,126.08,232.12,65.1,29.89,52.98,5.32,319.11,27.09,29.91,60.7,11.9,23.67,28.01,20.74,179.655278388898,62.45,473.947978861408,516.86,67.93,371.75,30.6,72.06,34.28,17.38,28.76,199.66,601.966105636971,98.31,145.0,666.86,141.67,533.067314172706,19.23,18.56,325.14
2025-06-13,11.78,162.62,181.52,18.07,92.3258430592158,86.33,50.73,208.321063187374,67.25,76.53,316.29,300.0,122.2,225.03,64.09,28.65,51.02,5.19,325.31,25.85,29.18,59.74,10.91,23.06,27.97,20.07,176.96,62.54,473.078422899432,509.59,65.73,370.55,30.15,70.68,33.83,17.23,27.49,195.0,595.236049797551,97.96,141.97,654.09,137.69,526.374755230764,18.18,18.42,317.85
2025-06-16,12.45,165.49,174.34,19.91,93.2142634324746,85.46,52.39,210.77,69.18,77.65,311.78,300.81,124.29,231.8,65.51,31.19,53.88,5.3,329.13,26.59,29.66,61.8,11.49,25.75,32.45,19.13,178.63,62.77,469.99,524.44,68.19,369.08,30.54,71.63,34.94,17.61,28.55,199.22,600.899267155759,97.76,144.69,661.84,142.21,533.696614491128,18.65,18.75,324.3
2025-06-17,12.36,163.66,175.59,18.99,92.8,86.5,52.39,208.55,67.6,79.39,311.94,299.0,122.29,227.44,65.33,30.715,52.94,5.15,316.35,25.68,28.8,59.5,10.76,25.82,31.16,17.84,175.55,62.53,471.45,523.12,67.69,367.05,29.9,70.44,34.26,17.58,27.81,197.69,595.764483811609,98.06,144.12,652.21,138.98,528.492400746722,18.57,18.67,320.41
2025-06-18,12.65,163.78,174.0,20.34,93.47,86.65,52.87,209.65,67.66,79.98,310.26,296.84,122.15,229.65,65.84,31.07,52.26,5.17,322.05,26.24,29.02,58.97,10.9,27.61,35.7,18.24,177.76,62.85,462.81,524.98,68.02,371.93,29.97,70.6,34.36,17.36,28.31,198.35,595.67474973375,98.13,145.48,652.29,139.68,528.402500701233,18.61,18.43,321.8
2025-06-20,11.83,163.2,174.39,21.53,93.82,86.49,51.68,209.21,67.05,80.57,310.13,295.4,120.56,228.35,66.32,30.96,52.82,5.13,322.16,25.93,28.67,58.67,10.42,25.13,34.0,18.11,176.69,62.53,466.84,521.38,68.97,372.5,29.61,70.56,33.72,17.24,28.27,198.2,594.28,98.22,143.85,652.73,139.68,526.244899609502,18.31,17.68,321.39
2025-06-23,11.36,165.82,177.8,23.7,95.25,86.77,51.565,211.77,66.51,81.33,311.08,293.56,122.73,230.98,67.38,31.88,53.17,5.17,348.68,26.02,29.1,58.67,10.26,27.32,32.89,18.22,177.28,63.49,476.03,514.08,68.58,381.25,29.83,71.18,34.61,16.9,28.62,201.39,600.15,98.42,144.17,664.22,141.01,531.65,19.17,18.1,323.81
2025-06-24,12.73,166.77,,24.78,95.095,87.34,54.4212,214.445,67.795,80.91,304.25,296.82,126.27,235.335,67.535,32.72,54.8,5.255,343.02,26.88,30.0548,60.1,10.9754,30.63,33.37,20.425,178.16,63.64,473.91,511.755,71.18,386.495,30.58,73.615,35.415,17.25,29.19,205.21,605.29,98.695,146.97,670.3,145.47,538.2,19.5853,18.23,326.105
